Episode ID,Contact Date,Contact Type,Attended Status
580,2024-01-19,Phone,Attended
1901,2024-01-28,Email,Attended
401,2024-02-04,In-Person,Attended
1889,2024-01-30,In-Person,Cancelled
901,2024-02-07,In-Person,Missed
1628,2024-02-09,Phone,Missed
512,2024-02-06,In-Person,Missed
88,2024-01-08,Phone,Cancelled
1489,2024-01-16,Phone,Missed
50,2024-02-04,In-Person,Cancelled
103,2024-02-05,In-Person,Cancelled
368,2024-01-24,Phone,Attended
936,2024-01-09,Phone,Cancelled
1516,2024-01-25,In-Person,Missed
1582,2024-01-22,Phone,Missed
1715,2024-01-19,Phone,Missed
1803,2024-01-09,In-Person,Attended
1292,2024-01-30,In-Person,Attended
1421,2024-01-14,Email,Attended
1344,2024-02-10,In-Person,Cancelled
1544,2024-01-30,In-Person,Missed
1473,2024-01-15,In-Person,Cancelled
1801,2024-01-10,Email,Cancelled
1500,2024-01-14,Phone,Missed
898,2024-01-28,In-Person,Attended
1614,2024-01-13,In-Person,Missed
909,2024-01-14,Email,Cancelled
1264,2024-01-14,Email,Cancelled
258,2024-01-20,Email,Attended
1732,2024-02-09,Phone,Cancelled
1996,2024-01-15,Email,Cancelled
1968,2024-01-13,Phone,Missed
1866,2024-01-08,In-Person,Attended
1667,2024-01-25,In-Person,Missed
1988,2024-01-10,In-Person,Missed
390,2024-01-11,Email,Missed
1367,2024-01-10,In-Person,Cancelled
773,2024-01-14,Email,Cancelled
754,2024-01-31,Phone,Attended
1411,2024-01-21,In-Person,Cancelled
394,2024-01-17,Phone,Attended
683,2024-02-09,Email,Missed
1683,2024-02-06,Email,Missed
270,2024-01-29,In-Person,Cancelled
149,2024-01-11,In-Person,Cancelled
1404,2024-01-20,Email,Attended
811,2024-01-18,In-Person,Cancelled
28,2024-01-22,In-Person,Cancelled
1173,2024-01-30,Phone,Cancelled
1444,2024-01-20,Email,Missed
280,2024-01-12,Phone,Cancelled
1206,2024-01-09,In-Person,Cancelled
166,2024-02-06,Phone,Missed
17,2024-01-15,Email,Missed
1174,2024-02-07,Phone,Missed
339,2024-02-10,Phone,Missed
1069,2024-02-01,In-Person,Cancelled
1526,2024-02-02,Email,Cancelled
842,2024-01-12,In-Person,Cancelled
189,2024-01-28,In-Person,Attended
651,2024-02-01,Email,Missed
1085,2024-02-05,Phone,Cancelled
294,2024-01-09,In-Person,Cancelled
1858,2024-02-09,Phone,Cancelled
1057,2024-01-15,Email,Missed
1323,2024-01-17,In-Person,Missed
415,2024-01-29,Phone,Missed
1648,2024-01-17,Phone,Cancelled
803,2024-01-17,In-Person,Missed
1573,2024-01-10,Email,Cancelled
431,2024-01-22,Phone,Attended
1519,2024-01-13,Email,Missed
1124,2024-01-23,In-Person,Missed
1047,2024-02-09,Phone,Cancelled
1444,2024-02-05,Phone,Missed
1448,2024-01-29,Phone,Missed
487,2024-02-04,Email,Cancelled
1754,2024-01-22,Phone,Cancelled
89,2024-02-02,Phone,Cancelled
1233,2024-01-12,In-Person,Attended
271,2024-01-30,Phone,Cancelled
1957,2024-01-10,Email,Missed
1773,2024-01-28,In-Person,Attended
900,2024-01-24,In-Person,Cancelled
1430,2024-01-28,Phone,Attended
1745,2024-01-15,In-Person,Attended
278,2024-01-11,Phone,Missed
206,2024-01-26,In-Person,Attended
1614,2024-02-01,Email,Cancelled
913,2024-01-17,Phone,Attended
328,2024-01-21,Email,Attended
1634,2024-01-22,Phone,Missed
858,2024-02-08,Email,Missed
877,2024-01-16,Email,Cancelled
862,2024-01-09,In-Person,Missed
336,2024-01-11,Phone,Cancelled
606,2024-02-09,In-Person,Cancelled
592,2024-01-24,Email,Missed
1062,2024-01-27,Phone,Attended
1014,2024-02-03,Email,Missed
1944,2024-01-09,Email,Attended
1252,2024-01-11,Email,Attended
1507,2024-01-15,Email,Cancelled
1158,2024-02-08,In-Person,Cancelled
708,2024-01-14,Email,Missed
978,2024-01-29,In-Person,Attended
1414,2024-01-24,Email,Missed
1818,2024-01-18,Phone,Cancelled
1637,2024-02-10,Email,Attended
425,2024-01-28,Email,Missed
587,2024-01-25,Phone,Missed
806,2024-01-23,Phone,Cancelled
1534,2024-01-19,Email,Cancelled
720,2024-01-22,Email,Cancelled
1619,2024-01-15,In-Person,Cancelled
1451,2024-02-06,Phone,Missed
949,2024-01-13,Phone,Cancelled
655,2024-01-15,In-Person,Cancelled
474,2024-01-22,Email,Missed
568,2024-01-28,Email,Missed
1385,2024-01-26,Phone,Attended
1976,2024-01-13,In-Person,Missed
1823,2024-01-29,Email,Attended
211,2024-01-09,Phone,Cancelled
1977,2024-01-18,Email,Attended
1203,2024-01-16,Email,Attended
1944,2024-01-26,Email,Cancelled
1082,2024-01-20,Phone,Cancelled
1097,2024-02-04,In-Person,Cancelled
215,2024-01-23,In-Person,Attended
900,2024-02-07,Email,Missed
1802,2024-01-31,In-Person,Missed
1983,2024-01-18,Email,Missed
1097,2024-01-26,Phone,Cancelled
467,2024-01-10,Phone,Cancelled
1295,2024-02-02,Phone,Missed
1523,2024-01-22,Email,Cancelled
354,2024-01-17,In-Person,Attended
1258,2024-02-01,Phone,Attended
1343,2024-01-23,Email,Cancelled
1043,2024-01-18,In-Person,Missed
625,2024-01-12,In-Person,Missed
1599,2024-01-20,In-Person,Attended
372,2024-01-15,Email,Cancelled
184,2024-01-31,Email,Missed
1301,2024-01-25,Email,Missed
674,2024-01-27,Phone,Cancelled
755,2024-01-08,Email,Cancelled
1169,2024-01-26,Phone,Missed
1682,2024-02-09,Phone,Cancelled
1105,2024-01-19,Phone,Cancelled
322,2024-02-04,Email,Cancelled
435,2024-02-05,Phone,Missed
1857,2024-02-03,Email,Attended
1067,2024-02-04,Email,Cancelled
1337,2024-02-04,Phone,Missed
1930,2024-01-09,Phone,Attended
293,2024-01-11,Phone,Missed
688,2024-01-20,Email,Missed
888,2024-01-13,Email,Missed
69,2024-01-26,Phone,Attended
56,2024-01-25,Phone,Missed
631,2024-01-19,In-Person,Attended
1228,2024-02-10,Phone,Cancelled
420,2024-01-23,In-Person,Attended
1951,2024-02-05,In-Person,Missed
567,2024-01-20,Email,Attended
550,2024-01-12,Email,Missed
243,2024-01-16,In-Person,Cancelled
1225,2024-01-09,In-Person,Attended
748,2024-02-01,Phone,Cancelled
1498,2024-02-07,In-Person,Attended
527,2024-01-18,Phone,Missed
1680,2024-01-23,Email,Attended
77,2024-01-21,Phone,Cancelled
1502,2024-01-23,Email,Attended
1845,2024-01-25,In-Person,Cancelled
440,2024-01-21,In-Person,Cancelled
1287,2024-02-07,In-Person,Missed
1209,2024-01-24,Phone,Attended
1079,2024-01-25,Email,Cancelled
1332,2024-01-18,Email,Missed
516,2024-01-20,Email,Missed
1323,2024-02-05,Email,Missed
1576,2024-01-17,Email,Cancelled
1254,2024-02-05,Phone,Attended
1401,2024-01-09,Email,Cancelled
1310,2024-01-13,In-Person,Missed
1162,2024-01-31,Email,Cancelled
1502,2024-02-06,In-Person,Cancelled
615,2024-02-09,Phone,Missed
1031,2024-02-07,Phone,Attended
676,2024-01-20,In-Person,Missed
1443,2024-02-01,Email,Missed
1496,2024-02-06,Phone,Cancelled
1959,2024-01-10,Phone,Missed
420,2024-01-24,Phone,Cancelled
1901,2024-01-28,Email,Missed
276,2024-01-29,In-Person,Missed
1585,2024-01-29,In-Person,Attended
608,2024-01-10,Email,Missed
571,2024-01-11,Phone,Attended
1767,2024-01-30,Email,Missed
1713,2024-01-14,Email,Missed
90,2024-01-12,In-Person,Missed
282,2024-02-08,Email,Attended
1572,2024-01-14,Email,Cancelled
1195,2024-01-11,Phone,Attended
638,2024-02-03,Phone,Missed
811,2024-01-18,In-Person,Cancelled
1379,2024-01-24,Phone,Missed
1228,2024-01-23,Email,Attended
1313,2024-01-22,Email,Attended
868,2024-01-20,Email,Cancelled
462,2024-01-26,In-Person,Attended
1633,2024-01-31,Phone,Missed
750,2024-02-04,Email,Cancelled
1197,2024-01-15,Phone,Missed
301,2024-02-03,Phone,Cancelled
600,2024-01-18,Phone,Cancelled
1935,2024-01-08,Phone,Missed
1887,2024-02-06,In-Person,Attended
529,2024-01-10,In-Person,Missed
140,2024-01-11,In-Person,Attended
1790,2024-02-02,Email,Attended
278,2024-01-27,Email,Missed
663,2024-01-14,Email,Cancelled
511,2024-02-09,In-Person,Missed
1370,2024-01-19,Phone,Cancelled
1870,2024-01-12,In-Person,Attended
1164,2024-01-09,Email,Cancelled
114,2024-01-11,Email,Missed
580,2024-01-26,Phone,Cancelled
1531,2024-02-08,In-Person,Attended
1390,2024-02-04,Phone,Attended
691,2024-01-08,In-Person,Cancelled
637,2024-01-24,Email,Attended
1421,2024-02-01,Phone,Attended
1849,2024-01-31,Phone,Cancelled
823,2024-01-25,In-Person,Attended
1874,2024-01-13,In-Person,Cancelled
875,2024-01-15,In-Person,Cancelled
1948,2024-02-06,Email,Attended
1894,2024-01-31,In-Person,Cancelled
1769,2024-01-26,Email,Attended
940,2024-01-11,In-Person,Attended
1683,2024-01-29,In-Person,Attended
942,2024-01-11,Email,Missed
1135,2024-02-06,In-Person,Attended
1899,2024-02-09,Email,Cancelled
358,2024-01-21,Email,Cancelled
1262,2024-01-11,In-Person,Cancelled
3,2024-01-27,In-Person,Missed
1747,2024-02-09,Phone,Missed
404,2024-02-08,In-Person,Cancelled
25,2024-01-14,Phone,Cancelled
1867,2024-02-05,In-Person,Missed
509,2024-01-21,Email,Cancelled
696,2024-01-17,Email,Attended
1489,2024-01-08,Phone,Attended
61,2024-01-08,In-Person,Cancelled
1532,2024-01-17,Phone,Attended
123,2024-02-09,In-Person,Cancelled
1521,2024-01-11,In-Person,Missed
55,2024-01-11,Email,Cancelled
1187,2024-02-08,Phone,Missed
974,2024-01-29,Email,Attended
1723,2024-01-20,Email,Attended
1063,2024-01-29,Email,Attended
1721,2024-01-23,Phone,Cancelled
1107,2024-02-10,In-Person,Missed
1731,2024-02-10,In-Person,Missed
546,2024-01-25,Phone,Attended
113,2024-01-27,In-Person,Attended
425,2024-02-05,Phone,Missed
918,2024-01-22,Phone,Cancelled
230,2024-01-31,In-Person,Attended
1307,2024-01-19,Email,Cancelled
917,2024-01-13,Phone,Attended
1961,2024-02-09,Phone,Attended
1311,2024-01-13,Phone,Cancelled
155,2024-01-10,Phone,Cancelled
165,2024-02-08,In-Person,Cancelled
962,2024-01-27,In-Person,Cancelled
1206,2024-02-03,Phone,Missed
1263,2024-01-17,Email,Missed
649,2024-02-03,In-Person,Attended
1363,2024-01-08,Email,Attended
938,2024-01-28,Email,Attended
512,2024-01-25,Phone,Missed
932,2024-01-19,In-Person,Cancelled
266,2024-01-19,Phone,Attended
187,2024-01-24,Phone,Missed
1064,2024-01-31,Email,Attended
1846,2024-01-28,Email,Missed
1517,2024-02-03,Email,Cancelled
1703,2024-02-08,Phone,Missed
391,2024-02-06,Phone,Cancelled
1284,2024-02-03,Phone,Attended
655,2024-01-31,Phone,Cancelled
1740,2024-01-23,Phone,Missed
176,2024-01-25,Phone,Attended
774,2024-01-25,Phone,Attended
764,2024-01-11,Phone,Missed
1353,2024-01-19,In-Person,Cancelled
931,2024-02-08,In-Person,Missed
1224,2024-01-30,In-Person,Cancelled
711,2024-02-10,In-Person,Cancelled
1220,2024-02-01,Phone,Attended
826,2024-01-20,Phone,Cancelled
589,2024-02-07,Email,Attended
531,2024-01-18,Email,Missed
1086,2024-01-23,In-Person,Missed
1351,2024-01-30,Email,Attended
1930,2024-02-05,In-Person,Attended
281,2024-01-11,Phone,Cancelled
1964,2024-02-10,Phone,Attended
1786,2024-02-03,Email,Missed
227,2024-01-15,Phone,Attended
639,2024-01-18,Phone,Attended
1082,2024-01-14,In-Person,Attended
921,2024-01-28,Email,Cancelled
477,2024-01-14,Phone,Attended
1400,2024-02-06,Email,Cancelled
716,2024-02-01,Phone,Cancelled
243,2024-01-27,In-Person,Attended
367,2024-01-14,Phone,Cancelled
936,2024-01-16,Email,Attended
1868,2024-01-27,Email,Missed
1524,2024-01-24,In-Person,Missed
838,2024-01-11,Phone,Cancelled
1276,2024-02-10,In-Person,Missed
906,2024-02-09,Email,Attended
1346,2024-01-15,In-Person,Cancelled
376,2024-01-10,Phone,Attended
1433,2024-01-18,Phone,Cancelled
711,2024-02-07,In-Person,Cancelled
1512,2024-02-04,Email,Cancelled
343,2024-02-09,Email,Cancelled
240,2024-01-31,In-Person,Missed
139,2024-01-25,Phone,Missed
1146,2024-02-06,Phone,Missed
420,2024-02-03,Phone,Cancelled
1585,2024-01-26,Phone,Missed
304,2024-02-09,Email,Cancelled
115,2024-01-30,Phone,Missed
343,2024-02-02,In-Person,Cancelled
1275,2024-01-31,In-Person,Missed
7,2024-02-01,In-Person,Missed
731,2024-01-14,In-Person,Missed
1613,2024-01-30,Phone,Cancelled
179,2024-01-26,Email,Cancelled
1169,2024-02-01,Phone,Missed
416,2024-02-10,Email,Cancelled
666,2024-02-05,Phone,Attended
1145,2024-01-16,Email,Missed
1148,2024-01-24,In-Person,Missed
150,2024-01-31,In-Person,Attended
397,2024-01-26,Email,Cancelled
381,2024-01-12,Email,Cancelled
1804,2024-01-22,Email,Cancelled
839,2024-01-13,In-Person,Missed
1,2024-01-08,In-Person,Missed
1697,2024-01-20,Phone,Missed
244,2024-02-04,Email,Missed
1911,2024-01-29,Email,Missed
1422,2024-02-07,Email,Cancelled
1275,2024-01-24,In-Person,Attended
879,2024-02-04,Email,Cancelled
1600,2024-01-29,Email,Cancelled
1323,2024-02-01,In-Person,Missed
760,2024-02-09,Email,Attended
954,2024-01-22,Phone,Attended
1321,2024-01-26,In-Person,Cancelled
977,2024-01-25,In-Person,Attended
1988,2024-02-01,In-Person,Cancelled
1524,2024-01-13,Phone,Cancelled
1139,2024-01-22,In-Person,Cancelled
1831,2024-01-16,In-Person,Cancelled
1,2024-01-15,In-Person,Missed
553,2024-01-09,In-Person,Attended
1709,2024-01-30,Phone,Missed
1624,2024-01-29,Email,Missed
482,2024-02-07,Email,Missed
1634,2024-01-21,In-Person,Cancelled
600,2024-01-25,Phone,Cancelled
763,2024-01-16,In-Person,Missed
1534,2024-01-12,Email,Missed
335,2024-01-24,Email,Attended
465,2024-01-20,Phone,Missed
1165,2024-01-16,Email,Cancelled
583,2024-01-30,In-Person,Missed
137,2024-01-18,Phone,Attended
1004,2024-01-27,Email,Attended
1983,2024-02-10,In-Person,Missed
1635,2024-01-14,Phone,Attended
1687,2024-01-28,In-Person,Attended
950,2024-01-24,Email,Cancelled
687,2024-01-18,In-Person,Attended
167,2024-01-15,Phone,Attended
1367,2024-02-06,In-Person,Missed
1434,2024-01-24,Email,Cancelled
1793,2024-02-06,Phone,Attended
910,2024-02-01,Phone,Missed
1760,2024-02-01,Email,Missed
880,2024-01-09,In-Person,Missed
842,2024-01-31,In-Person,Missed
65,2024-01-18,Email,Missed
1605,2024-01-09,Phone,Missed
1091,2024-01-13,Email,Attended
433,2024-01-23,Phone,Cancelled
1074,2024-02-07,Phone,Cancelled
1338,2024-01-14,In-Person,Missed
1333,2024-02-09,Email,Missed
1627,2024-02-06,Phone,Cancelled
115,2024-02-05,In-Person,Attended
1910,2024-02-01,Email,Missed
569,2024-01-26,Email,Cancelled
1366,2024-02-01,Phone,Cancelled
1554,2024-01-23,Phone,Missed
1808,2024-01-31,Phone,Cancelled
642,2024-02-09,Email,Attended
495,2024-02-01,Phone,Cancelled
1293,2024-01-30,Email,Missed
941,2024-02-07,In-Person,Missed
1104,2024-01-18,Email,Cancelled
1480,2024-01-25,Phone,Cancelled
1323,2024-01-11,Email,Missed
968,2024-01-13,Phone,Attended
822,2024-02-01,In-Person,Cancelled
202,2024-01-17,Phone,Attended
1527,2024-01-16,Phone,Attended
1761,2024-02-08,Phone,Missed
1695,2024-02-04,Phone,Missed
1740,2024-01-16,Phone,Missed
649,2024-02-01,Phone,Attended
1509,2024-01-11,In-Person,Missed
1609,2024-01-17,In-Person,Missed
560,2024-01-22,Email,Attended
1042,2024-01-09,Phone,Attended
478,2024-01-12,Email,Attended
488,2024-02-05,In-Person,Attended
983,2024-01-22,In-Person,Cancelled
779,2024-01-20,Phone,Missed
1470,2024-01-23,Phone,Cancelled
340,2024-01-12,Email,Attended
1555,2024-01-17,In-Person,Attended
612,2024-02-08,Email,Attended
116,2024-01-12,Email,Attended
1882,2024-01-13,Email,Attended
74,2024-01-15,Phone,Missed
1816,2024-01-16,In-Person,Cancelled
1293,2024-02-06,Email,Cancelled
1661,2024-01-31,In-Person,Missed
116,2024-01-08,In-Person,Missed
1710,2024-02-08,Email,Missed
1717,2024-02-10,Email,Cancelled
1762,2024-01-12,Phone,Cancelled
1693,2024-01-24,In-Person,Attended
1188,2024-01-17,Email,Cancelled
1607,2024-02-02,Email,Cancelled
1246,2024-01-30,In-Person,Missed
126,2024-01-24,Email,Cancelled
657,2024-02-04,In-Person,Attended
1200,2024-02-02,Email,Cancelled
1997,2024-01-29,In-Person,Missed
664,2024-01-12,Email,Missed
1718,2024-01-10,Email,Attended
1399,2024-02-06,Phone,Attended
991,2024-01-17,In-Person,Cancelled
1018,2024-01-12,Phone,Attended
859,2024-02-02,Email,Attended
1522,2024-01-19,In-Person,Missed
85,2024-01-25,In-Person,Missed
1900,2024-01-08,Email,Cancelled
1407,2024-02-09,Email,Cancelled
633,2024-01-08,Email,Cancelled
1665,2024-01-13,Email,Cancelled
1487,2024-01-26,In-Person,Missed
451,2024-01-19,Phone,Cancelled
518,2024-01-15,In-Person,Cancelled
846,2024-01-14,In-Person,Attended
695,2024-01-22,In-Person,Cancelled
550,2024-02-03,In-Person,Attended
929,2024-01-28,Email,Missed
116,2024-02-06,Phone,Cancelled
1638,2024-01-10,In-Person,Attended
1032,2024-01-21,In-Person,Cancelled
1242,2024-01-21,Phone,Attended
1743,2024-02-09,Email,Cancelled
1614,2024-02-06,In-Person,Missed
1904,2024-01-13,Email,Missed
404,2024-02-05,In-Person,Attended
1591,2024-01-22,In-Person,Attended
304,2024-01-30,Phone,Missed
1491,2024-01-21,Phone,Cancelled
1976,2024-01-19,Email,Attended
740,2024-02-02,In-Person,Missed
88,2024-01-26,Email,Attended
1034,2024-01-28,Phone,Missed
308,2024-01-18,Phone,Missed
434,2024-01-21,Phone,Attended
802,2024-01-15,Phone,Attended
164,2024-01-26,Phone,Missed
1263,2024-01-14,Email,Cancelled
1341,2024-01-10,Email,Missed
996,2024-01-21,Phone,Cancelled
656,2024-01-14,In-Person,Cancelled
1359,2024-01-24,In-Person,Cancelled
18,2024-02-05,In-Person,Attended
1095,2024-01-10,In-Person,Missed
1199,2024-01-23,In-Person,Missed
1878,2024-01-12,Phone,Cancelled
1824,2024-01-15,Email,Cancelled
811,2024-01-27,Phone,Cancelled
339,2024-01-16,In-Person,Missed
1960,2024-01-28,In-Person,Cancelled
248,2024-02-05,Email,Missed
1217,2024-01-13,Phone,Missed
1443,2024-02-10,Email,Attended
1349,2024-01-26,In-Person,Cancelled
306,2024-01-14,In-Person,Cancelled
1804,2024-01-24,Email,Cancelled
204,2024-02-02,In-Person,Attended
853,2024-01-13,Phone,Cancelled
1147,2024-02-05,In-Person,Missed
1594,2024-01-08,In-Person,Cancelled
1875,2024-02-01,Phone,Missed
447,2024-01-28,In-Person,Missed
713,2024-02-08,Email,Missed
1515,2024-02-03,Email,Missed
433,2024-02-02,In-Person,Cancelled
1648,2024-01-30,Phone,Attended
1152,2024-02-08,Phone,Attended
1572,2024-01-17,Email,Missed
1770,2024-01-10,In-Person,Cancelled
822,2024-01-26,Phone,Attended
1071,2024-01-09,Phone,Cancelled
505,2024-01-16,Email,Attended
115,2024-01-15,Email,Missed
1440,2024-01-15,Phone,Missed
1791,2024-01-10,Email,Missed
995,2024-01-13,Phone,Attended
223,2024-02-01,In-Person,Cancelled
636,2024-02-03,Email,Missed
1973,2024-01-16,Email,Cancelled
1527,2024-02-05,In-Person,Cancelled
672,2024-01-10,Phone,Missed
958,2024-01-14,Phone,Attended
933,2024-01-18,Email,Missed
96,2024-02-10,Phone,Missed
107,2024-01-12,Phone,Attended
632,2024-01-21,In-Person,Cancelled
1637,2024-01-31,In-Person,Attended
1639,2024-02-02,In-Person,Attended
1702,2024-01-28,Email,Missed
1950,2024-02-10,In-Person,Attended
698,2024-01-27,In-Person,Attended
32,2024-01-14,Phone,Attended
1517,2024-01-27,In-Person,Cancelled
66,2024-01-18,Email,Cancelled
1203,2024-01-27,In-Person,Missed
779,2024-01-21,Email,Missed
1467,2024-02-07,Phone,Cancelled
916,2024-01-22,Phone,Attended
549,2024-02-09,In-Person,Missed
201,2024-01-17,Phone,Missed
1894,2024-01-08,In-Person,Attended
49,2024-02-08,Phone,Attended
787,2024-02-09,Email,Attended
951,2024-01-29,Phone,Attended
1704,2024-01-31,In-Person,Attended
263,2024-02-01,In-Person,Cancelled
1157,2024-01-30,In-Person,Attended
1834,2024-02-04,Email,Missed
344,2024-01-16,Phone,Cancelled
1200,2024-01-26,In-Person,Missed
1415,2024-01-28,Email,Attended
11,2024-01-29,Email,Missed
201,2024-02-07,Email,Attended
945,2024-02-03,Phone,Missed
926,2024-02-09,Phone,Missed
1833,2024-01-31,Phone,Attended
3,2024-01-15,Email,Missed
1238,2024-01-12,Phone,Cancelled
808,2024-01-24,In-Person,Missed
1331,2024-02-03,Email,Cancelled
1568,2024-02-09,Phone,Cancelled
560,2024-02-02,Email,Missed
1351,2024-02-10,Email,Cancelled
1788,2024-01-24,Phone,Cancelled
199,2024-02-08,Email,Missed
1940,2024-02-01,Phone,Attended
1625,2024-01-14,Phone,Attended
109,2024-01-16,Phone,Cancelled
1315,2024-01-10,Email,Cancelled
108,2024-02-02,Email,Attended
1432,2024-02-02,Phone,Cancelled
552,2024-02-03,Email,Attended
973,2024-01-28,Phone,Missed
52,2024-01-10,In-Person,Cancelled
112,2024-01-09,Email,Missed
295,2024-01-15,Email,Attended
1604,2024-01-09,In-Person,Attended
1213,2024-01-10,In-Person,Missed
1868,2024-02-04,In-Person,Cancelled
1745,2024-02-06,Phone,Missed
65,2024-01-13,Phone,Missed
574,2024-01-08,In-Person,Cancelled
465,2024-01-19,Phone,Attended
258,2024-01-27,Email,Missed
1670,2024-01-23,In-Person,Missed
1004,2024-01-13,Email,Attended
634,2024-01-29,Phone,Missed
1355,2024-02-07,In-Person,Attended
1525,2024-01-19,Phone,Cancelled
1707,2024-01-12,Email,Attended
210,2024-02-03,Phone,Attended
1832,2024-01-30,Email,Missed
89,2024-02-06,Phone,Attended
1703,2024-01-30,Email,Attended
28,2024-02-07,Phone,Missed
238,2024-01-20,In-Person,Attended
336,2024-02-10,In-Person,Missed
63,2024-02-01,Phone,Cancelled
1984,2024-01-08,Email,Attended
1791,2024-01-31,Phone,Cancelled
1932,2024-01-13,In-Person,Attended
1577,2024-01-18,Email,Attended
500,2024-02-01,Phone,Cancelled
1565,2024-02-09,Phone,Cancelled
791,2024-02-08,Email,Missed
1493,2024-02-10,Phone,Missed
592,2024-01-26,In-Person,Cancelled
1075,2024-02-07,In-Person,Attended
1136,2024-01-29,Email,Missed
1897,2024-01-17,Phone,Attended
301,2024-01-23,Phone,Missed
1114,2024-01-19,In-Person,Missed
229,2024-01-20,Email,Missed
150,2024-01-25,Email,Cancelled
1779,2024-01-17,Email,Attended
1162,2024-01-31,In-Person,Cancelled
1159,2024-02-06,In-Person,Missed
1481,2024-02-05,Email,Cancelled
1625,2024-01-23,Email,Cancelled
1518,2024-02-09,Phone,Cancelled
527,2024-01-30,Phone,Attended
333,2024-02-03,Email,Cancelled
1386,2024-02-08,In-Person,Cancelled
174,2024-01-12,In-Person,Cancelled
1626,2024-02-10,Phone,Cancelled
1237,2024-02-01,Email,Cancelled
1367,2024-01-08,In-Person,Cancelled
61,2024-02-08,In-Person,Cancelled
1900,2024-02-01,In-Person,Missed
1756,2024-01-31,In-Person,Cancelled
1085,2024-01-27,Phone,Cancelled
819,2024-02-05,In-Person,Attended
1702,2024-01-20,In-Person,Missed
524,2024-02-10,Email,Cancelled
216,2024-01-08,Email,Attended
1613,2024-01-23,Phone,Cancelled
1768,2024-01-20,Phone,Cancelled
624,2024-02-05,Phone,Cancelled
578,2024-02-02,Phone,Cancelled
694,2024-01-22,In-Person,Cancelled
423,2024-01-26,Email,Attended
716,2024-01-24,In-Person,Cancelled
1447,2024-01-23,In-Person,Attended
1395,2024-01-28,In-Person,Cancelled
1230,2024-01-17,Email,Attended
1310,2024-02-10,Phone,Missed
1129,2024-01-18,Phone,Cancelled
754,2024-01-15,Email,Missed
747,2024-02-06,Email,Missed
688,2024-01-12,Phone,Missed
723,2024-01-13,In-Person,Cancelled
1567,2024-01-12,Phone,Missed
747,2024-01-17,Email,Attended
242,2024-01-28,Phone,Cancelled
1515,2024-02-10,Phone,Missed
665,2024-01-14,Phone,Cancelled
708,2024-01-08,Email,Missed
1522,2024-02-05,Email,Attended
435,2024-01-15,Phone,Cancelled
781,2024-02-08,Phone,Cancelled
484,2024-01-24,In-Person,Missed
1471,2024-01-23,In-Person,Attended
384,2024-01-11,Phone,Cancelled
1534,2024-01-12,Email,Missed
170,2024-01-10,In-Person,Attended
1021,2024-01-27,Phone,Attended
950,2024-01-11,In-Person,Attended
869,2024-01-22,In-Person,Attended
323,2024-01-08,In-Person,Cancelled
848,2024-01-12,Email,Cancelled
1498,2024-01-26,Phone,Attended
1256,2024-01-29,Email,Missed
696,2024-01-28,Email,Missed
359,2024-01-21,In-Person,Attended
1299,2024-02-07,Phone,Attended
1966,2024-01-17,In-Person,Missed
1935,2024-01-21,Email,Attended
32,2024-01-26,Email,Attended
177,2024-01-20,Phone,Cancelled
917,2024-01-14,Email,Cancelled
65,2024-01-25,Email,Attended
1734,2024-01-21,Phone,Attended
27,2024-02-02,In-Person,Cancelled
1687,2024-01-22,Phone,Attended
1839,2024-02-07,Email,Cancelled
1503,2024-01-30,Phone,Cancelled
268,2024-01-11,In-Person,Missed
597,2024-02-02,Email,Cancelled
1012,2024-02-09,In-Person,Missed
66,2024-01-09,In-Person,Missed
133,2024-01-23,Phone,Cancelled
1929,2024-01-30,In-Person,Attended
916,2024-02-09,Phone,Cancelled
1390,2024-01-14,Phone,Missed
82,2024-02-08,In-Person,Cancelled
1917,2024-02-10,Phone,Cancelled
1855,2024-01-15,Phone,Missed
982,2024-01-14,In-Person,Cancelled
1352,2024-01-13,Email,Cancelled
1122,2024-01-17,Phone,Missed
585,2024-01-17,Phone,Attended
327,2024-01-19,In-Person,Missed
542,2024-01-16,Phone,Missed
1149,2024-01-08,In-Person,Cancelled
210,2024-01-26,Email,Missed
1808,2024-01-09,Email,Cancelled
1749,2024-01-29,In-Person,Cancelled
133,2024-01-31,Email,Cancelled
1527,2024-01-27,In-Person,Missed
157,2024-02-10,Phone,Missed
1583,2024-01-18,Email,Cancelled
1893,2024-01-25,Phone,Attended
875,2024-02-01,Phone,Attended
382,2024-02-02,In-Person,Missed
1046,2024-01-23,Email,Cancelled
974,2024-01-30,Email,Cancelled
1977,2024-01-19,Phone,Missed
595,2024-02-06,Phone,Attended
1443,2024-01-26,In-Person,Missed
472,2024-02-09,Email,Missed
234,2024-01-24,In-Person,Cancelled
572,2024-01-19,In-Person,Missed
1478,2024-01-20,In-Person,Attended
1724,2024-01-11,Email,Missed
1594,2024-01-18,In-Person,Cancelled
771,2024-01-10,Email,Attended
1186,2024-02-07,In-Person,Cancelled
301,2024-01-08,Phone,Missed
306,2024-01-14,In-Person,Missed
2,2024-02-01,In-Person,Missed
271,2024-01-25,Email,Cancelled
421,2024-02-02,Phone,Missed
1167,2024-01-19,Phone,Attended
700,2024-01-21,Email,Attended
864,2024-02-05,Email,Cancelled
1877,2024-01-24,Phone,Cancelled
960,2024-02-06,Email,Cancelled
994,2024-02-10,Phone,Missed
1760,2024-01-10,In-Person,Attended
1010,2024-01-08,In-Person,Attended
879,2024-01-19,Phone,Attended
692,2024-01-24,Phone,Cancelled
1559,2024-02-04,In-Person,Cancelled
867,2024-01-13,In-Person,Missed
1061,2024-02-04,Phone,Cancelled
107,2024-02-04,Email,Attended
1321,2024-01-14,Email,Missed
1765,2024-01-24,Phone,Cancelled
1849,2024-02-02,Email,Cancelled
1121,2024-01-18,In-Person,Attended
281,2024-01-09,In-Person,Missed
1134,2024-02-08,Email,Cancelled
549,2024-01-30,Phone,Cancelled
552,2024-01-16,In-Person,Missed
1621,2024-02-09,In-Person,Missed
1838,2024-01-13,In-Person,Cancelled
188,2024-01-11,Email,Cancelled
752,2024-01-09,Phone,Attended
870,2024-01-19,Email,Missed
1512,2024-01-22,Phone,Cancelled
1378,2024-01-27,Phone,Cancelled
19,2024-01-15,Email,Cancelled
859,2024-01-26,In-Person,Cancelled
1417,2024-01-27,Phone,Attended
1861,2024-01-15,Email,Missed
1285,2024-01-14,In-Person,Cancelled
985,2024-01-31,Phone,Missed
410,2024-01-31,Phone,Missed
1427,2024-01-13,In-Person,Cancelled
1694,2024-02-08,Phone,Cancelled
484,2024-02-06,Email,Cancelled
1328,2024-01-13,Phone,Attended
624,2024-01-26,Phone,Cancelled
656,2024-01-26,In-Person,Missed
768,2024-01-11,Email,Missed
1991,2024-01-28,In-Person,Attended
18,2024-01-28,Email,Cancelled
184,2024-01-31,In-Person,Cancelled
405,2024-01-31,Phone,Attended
799,2024-01-10,Email,Attended
1921,2024-01-15,Email,Cancelled
1155,2024-01-26,Phone,Cancelled
479,2024-01-22,In-Person,Missed
1817,2024-02-02,Email,Cancelled
1781,2024-01-20,Phone,Cancelled
8,2024-01-13,Phone,Missed
705,2024-01-09,Email,Missed
1342,2024-01-14,Email,Missed
1415,2024-01-21,Email,Missed
1543,2024-01-29,Phone,Attended
1160,2024-02-01,In-Person,Missed
531,2024-01-08,In-Person,Attended
913,2024-01-23,Email,Missed
1675,2024-01-15,Phone,Missed
1391,2024-01-28,Phone,Missed
1513,2024-02-08,Email,Cancelled
689,2024-01-22,Phone,Attended
1035,2024-02-01,Phone,Missed
553,2024-02-10,Phone,Cancelled
446,2024-02-02,Email,Attended
1138,2024-02-01,Email,Attended
1716,2024-01-15,Email,Cancelled
706,2024-01-14,In-Person,Attended
196,2024-01-24,In-Person,Cancelled
860,2024-01-24,Email,Missed
1761,2024-01-08,Phone,Cancelled
1867,2024-01-23,Phone,Attended
1347,2024-01-22,Email,Attended
1960,2024-01-25,Phone,Missed
1797,2024-02-08,Phone,Cancelled
1536,2024-01-16,In-Person,Missed
628,2024-01-10,Phone,Cancelled
981,2024-02-10,Phone,Cancelled
1686,2024-01-16,Email,Cancelled
630,2024-01-26,In-Person,Missed
1189,2024-01-18,In-Person,Missed
1276,2024-01-09,Phone,Attended
1803,2024-01-28,Email,Missed
44,2024-01-22,In-Person,Cancelled
1494,2024-02-08,In-Person,Cancelled
489,2024-01-13,Phone,Cancelled
181,2024-02-05,In-Person,Missed
1101,2024-02-07,Email,Attended
374,2024-02-10,Email,Missed
628,2024-01-31,In-Person,Attended
957,2024-01-10,Email,Missed
67,2024-01-19,Email,Cancelled
1549,2024-02-02,Phone,Attended
1116,2024-02-01,In-Person,Missed
1782,2024-02-02,In-Person,Cancelled
779,2024-01-20,Phone,Attended
651,2024-02-03,Phone,Attended
1877,2024-01-24,Phone,Cancelled
1268,2024-02-04,Phone,Cancelled
341,2024-01-28,Email,Missed
903,2024-02-08,Email,Missed
1809,2024-01-23,Phone,Cancelled
1328,2024-01-20,In-Person,Missed
398,2024-02-06,In-Person,Cancelled
703,2024-01-10,In-Person,Cancelled
1472,2024-02-02,Phone,Missed
97,2024-01-12,Email,Missed
1355,2024-02-07,Email,Attended
1229,2024-01-08,Email,Attended
449,2024-01-26,Email,Missed
1442,2024-01-17,In-Person,Missed
1673,2024-01-30,In-Person,Missed
77,2024-01-27,Email,Attended
896,2024-02-04,Phone,Missed
549,2024-01-10,Email,Attended
798,2024-01-22,Email,Attended
1449,2024-02-10,Phone,Attended
1453,2024-02-08,Email,Attended
1509,2024-01-21,In-Person,Cancelled
815,2024-01-22,Phone,Missed
1022,2024-01-16,Phone,Missed
135,2024-02-09,Email,Cancelled
654,2024-01-31,In-Person,Missed
1278,2024-02-06,In-Person,Attended
1584,2024-01-22,In-Person,Cancelled
1279,2024-01-28,Email,Attended
646,2024-01-14,Email,Cancelled
1826,2024-01-20,In-Person,Attended
720,2024-02-08,Email,Missed
1523,2024-01-18,In-Person,Missed
613,2024-02-08,Email,Missed
484,2024-01-18,Phone,Cancelled
1070,2024-01-13,Phone,Missed
1467,2024-02-02,Email,Cancelled
1606,2024-01-13,Email,Attended
648,2024-01-09,In-Person,Missed
792,2024-01-20,Phone,Attended
579,2024-01-17,In-Person,Missed
1028,2024-01-16,Email,Attended
1760,2024-01-12,In-Person,Cancelled
1,2024-02-06,In-Person,Missed
1314,2024-02-01,Email,Cancelled
109,2024-01-16,Phone,Cancelled
1801,2024-01-27,In-Person,Attended
1599,2024-02-03,Email,Missed
460,2024-01-11,In-Person,Cancelled
266,2024-01-26,Email,Attended
1162,2024-01-31,Email,Attended
1458,2024-01-29,Email,Attended
44,2024-01-21,Phone,Missed
886,2024-02-05,Phone,Missed
1534,2024-01-23,Email,Attended
944,2024-01-27,Phone,Missed
983,2024-01-20,In-Person,Attended
262,2024-01-19,Phone,Missed
728,2024-02-03,Phone,Missed
633,2024-01-31,In-Person,Attended
152,2024-02-10,In-Person,Attended
213,2024-01-09,In-Person,Missed
1016,2024-01-22,Email,Attended
1258,2024-02-08,In-Person,Attended
863,2024-01-17,In-Person,Attended
623,2024-01-21,In-Person,Attended
1978,2024-01-29,Email,Missed
361,2024-01-11,Phone,Cancelled
320,2024-02-05,Email,Missed
222,2024-01-15,Phone,Attended
1976,2024-01-26,In-Person,Attended
1762,2024-02-05,Email,Missed
210,2024-01-08,Email,Attended
1420,2024-01-20,Phone,Missed
931,2024-01-28,Email,Cancelled
1607,2024-02-09,Email,Attended
489,2024-01-09,Phone,Cancelled
1896,2024-01-19,Email,Cancelled
601,2024-01-11,Email,Attended
774,2024-01-22,In-Person,Attended
1985,2024-01-21,In-Person,Missed
878,2024-01-10,In-Person,Missed
1488,2024-01-19,In-Person,Attended
700,2024-02-07,In-Person,Missed
1648,2024-02-08,Email,Cancelled
452,2024-02-01,Email,Cancelled
413,2024-02-07,In-Person,Attended
1958,2024-02-01,Phone,Missed
1775,2024-01-25,In-Person,Attended
476,2024-01-16,Email,Cancelled
256,2024-01-10,Phone,Attended
1174,2024-02-09,In-Person,Attended
127,2024-01-27,Phone,Attended
392,2024-01-18,In-Person,Attended
1855,2024-01-16,Email,Cancelled
480,2024-01-10,In-Person,Attended
993,2024-01-21,Phone,Attended
1421,2024-01-24,Email,Missed
923,2024-02-07,In-Person,Attended
402,2024-02-10,In-Person,Missed
274,2024-01-27,In-Person,Attended
845,2024-02-10,In-Person,Missed
1982,2024-01-12,Email,Attended
1934,2024-01-28,Email,Missed
139,2024-02-05,In-Person,Attended
103,2024-01-28,Email,Attended
1266,2024-01-11,Phone,Missed
1141,2024-01-14,Email,Attended
1238,2024-02-08,Phone,Attended
484,2024-01-09,Phone,Attended
529,2024-01-29,Email,Attended
1715,2024-01-28,In-Person,Cancelled
224,2024-01-11,Email,Attended
1294,2024-02-09,Phone,Cancelled
1849,2024-01-24,Phone,Cancelled
1885,2024-01-28,Email,Attended
1158,2024-01-19,Phone,Missed
114,2024-01-27,Email,Missed
1465,2024-01-27,Email,Attended
644,2024-02-01,In-Person,Cancelled
651,2024-01-11,Phone,Missed
1389,2024-01-22,Email,Attended
1256,2024-01-13,Phone,Attended
458,2024-01-23,Email,Cancelled
375,2024-01-17,Email,Missed
1628,2024-02-10,In-Person,Attended
1803,2024-01-29,Email,Missed
611,2024-01-30,In-Person,Attended
207,2024-01-22,Phone,Attended
1544,2024-01-25,In-Person,Attended
1492,2024-01-26,In-Person,Cancelled
1906,2024-02-01,Phone,Cancelled
1467,2024-01-24,In-Person,Cancelled
917,2024-02-08,In-Person,Missed
321,2024-01-31,Email,Cancelled
93,2024-01-17,In-Person,Cancelled
1432,2024-01-20,Email,Missed
1182,2024-01-25,In-Person,Missed
872,2024-01-15,Phone,Missed
99,2024-01-18,Phone,Missed
225,2024-01-27,In-Person,Cancelled
852,2024-01-31,Email,Cancelled
441,2024-01-23,In-Person,Missed
720,2024-01-28,Email,Cancelled
585,2024-01-22,In-Person,Attended
1425,2024-01-12,Phone,Cancelled
1595,2024-01-16,Phone,Attended
1823,2024-02-08,Email,Missed
64,2024-02-02,In-Person,Missed
768,2024-01-31,Email,Cancelled
560,2024-01-24,Phone,Missed
1303,2024-02-09,Email,Cancelled
1734,2024-01-25,In-Person,Cancelled
670,2024-02-05,Email,Cancelled
1847,2024-01-13,In-Person,Cancelled
1543,2024-02-05,In-Person,Attended
1272,2024-02-07,Phone,Attended
368,2024-01-10,In-Person,Missed
744,2024-01-29,In-Person,Attended
618,2024-01-31,In-Person,Missed
1006,2024-02-04,Email,Missed
1995,2024-02-01,Phone,Cancelled
1122,2024-01-21,Email,Cancelled
1292,2024-01-30,Email,Cancelled
1084,2024-01-28,Phone,Cancelled
500,2024-02-02,Email,Cancelled
1332,2024-01-17,Email,Cancelled
1517,2024-01-11,In-Person,Attended
1007,2024-01-10,Email,Missed
411,2024-01-08,Phone,Missed
1018,2024-01-14,Email,Cancelled
1164,2024-01-11,In-Person,Attended
1933,2024-02-03,Email,Cancelled
1352,2024-01-29,Phone,Attended
464,2024-01-28,In-Person,Attended
702,2024-01-18,Email,Missed
1661,2024-01-16,Phone,Missed
1949,2024-02-01,Phone,Attended
163,2024-01-13,Email,Missed
60,2024-01-15,Email,Attended
1949,2024-01-29,In-Person,Attended
1055,2024-02-07,Email,Attended
333,2024-02-09,In-Person,Missed
76,2024-01-24,Email,Cancelled
1779,2024-01-27,Phone,Missed
317,2024-01-23,Phone,Cancelled
1794,2024-02-06,Phone,Missed
1441,2024-02-10,Phone,Missed
1992,2024-02-08,In-Person,Cancelled
190,2024-01-28,Phone,Attended
1513,2024-01-28,In-Person,Cancelled
1913,2024-01-18,In-Person,Attended
1339,2024-01-25,In-Person,Attended
296,2024-02-01,Email,Missed
501,2024-01-19,In-Person,Missed
177,2024-01-10,Email,Missed
800,2024-01-09,In-Person,Missed
806,2024-02-09,Email,Missed
860,2024-01-28,Email,Cancelled
1743,2024-02-01,Phone,Cancelled
215,2024-02-04,In-Person,Cancelled
1880,2024-01-09,Email,Cancelled
653,2024-02-04,Phone,Missed
597,2024-02-01,In-Person,Cancelled
1718,2024-01-16,Phone,Cancelled
1356,2024-02-02,Email,Attended
128,2024-01-18,Phone,Missed
1293,2024-02-04,Phone,Cancelled
551,2024-01-08,In-Person,Cancelled
1559,2024-01-24,Email,Cancelled
1778,2024-01-08,In-Person,Missed
1390,2024-01-21,In-Person,Cancelled
619,2024-02-01,Phone,Attended
348,2024-02-06,Email,Missed
142,2024-01-29,In-Person,Attended
1169,2024-01-28,Email,Missed
792,2024-02-02,In-Person,Cancelled
245,2024-02-04,Phone,Missed
1466,2024-01-24,In-Person,Missed
703,2024-01-18,In-Person,Missed
1314,2024-01-14,In-Person,Attended
1715,2024-01-15,Email,Missed
1136,2024-01-14,Phone,Cancelled
214,2024-01-09,Email,Missed
1674,2024-01-23,In-Person,Missed
1910,2024-01-26,Phone,Cancelled
200,2024-01-27,Email,Cancelled
405,2024-01-30,In-Person,Attended
421,2024-01-12,Phone,Cancelled
7,2024-01-28,Phone,Cancelled
1882,2024-02-05,In-Person,Cancelled
1549,2024-01-24,Phone,Missed
592,2024-01-09,Phone,Attended
286,2024-01-22,Email,Cancelled
671,2024-01-19,Phone,Cancelled
389,2024-01-09,Email,Cancelled
416,2024-01-28,Email,Missed
784,2024-01-09,Email,Missed
1007,2024-01-30,Email,Attended
1737,2024-01-11,Phone,Attended
1174,2024-01-18,Phone,Missed
1984,2024-01-23,Email,Cancelled
1015,2024-01-16,Phone,Cancelled
428,2024-01-16,Email,Attended
1832,2024-02-10,Email,Cancelled
1005,2024-02-04,Email,Missed
1317,2024-01-30,In-Person,Attended
334,2024-02-04,Phone,Missed
272,2024-01-30,Phone,Missed
1067,2024-02-09,Email,Cancelled
1492,2024-02-02,Phone,Missed
319,2024-02-08,Email,Missed
1516,2024-02-01,Phone,Cancelled
527,2024-01-20,Email,Missed
760,2024-01-24,Email,Cancelled
1196,2024-02-04,In-Person,Missed
1754,2024-02-08,Email,Cancelled
1673,2024-01-11,In-Person,Cancelled
321,2024-02-07,Phone,Attended
739,2024-01-11,Phone,Missed
1068,2024-01-19,In-Person,Missed
1556,2024-02-09,Phone,Attended
1655,2024-01-30,In-Person,Cancelled
454,2024-01-16,Phone,Cancelled
746,2024-01-08,In-Person,Attended
1994,2024-01-24,In-Person,Attended
1904,2024-02-06,Email,Cancelled
1915,2024-01-10,Phone,Cancelled
929,2024-02-09,Email,Attended
848,2024-01-22,In-Person,Missed
868,2024-02-01,Email,Cancelled
774,2024-02-08,In-Person,Attended
83,2024-01-17,Phone,Missed
543,2024-01-19,Phone,Missed
322,2024-02-03,Phone,Missed
786,2024-02-04,In-Person,Missed
1258,2024-02-09,Email,Attended
540,2024-01-15,Phone,Cancelled
252,2024-01-30,In-Person,Missed
836,2024-01-22,Email,Missed
1789,2024-01-28,In-Person,Attended
449,2024-01-31,In-Person,Missed
1263,2024-01-08,Phone,Attended
490,2024-02-04,In-Person,Attended
1906,2024-01-22,In-Person,Cancelled
464,2024-02-10,Email,Missed
1965,2024-02-07,Phone,Cancelled
314,2024-02-02,In-Person,Attended
1199,2024-01-20,In-Person,Missed
1730,2024-01-23,Email,Attended
1204,2024-01-16,In-Person,Attended
1956,2024-02-07,In-Person,Attended
385,2024-01-14,In-Person,Missed
295,2024-01-09,In-Person,Attended
1239,2024-01-13,In-Person,Attended
986,2024-02-06,Email,Missed
1739,2024-02-05,In-Person,Cancelled
762,2024-02-04,In-Person,Attended
1898,2024-02-01,In-Person,Cancelled
769,2024-01-15,In-Person,Cancelled
1099,2024-01-27,Phone,Cancelled
344,2024-01-22,Phone,Cancelled
1738,2024-02-10,Phone,Cancelled
142,2024-01-08,Phone,Cancelled
718,2024-01-22,Email,Missed
1223,2024-01-19,Phone,Missed
1943,2024-01-12,Email,Cancelled
1195,2024-02-05,Phone,Missed
406,2024-01-19,Email,Missed
1852,2024-01-13,Phone,Cancelled
228,2024-01-20,In-Person,Cancelled
411,2024-01-16,Phone,Attended
952,2024-01-09,Phone,Missed
898,2024-01-22,Phone,Cancelled
1959,2024-02-09,In-Person,Missed
691,2024-02-03,Email,Missed
878,2024-02-05,Email,Missed
787,2024-01-11,In-Person,Attended
62,2024-02-09,Phone,Cancelled
1351,2024-02-04,Phone,Missed
1740,2024-01-08,Phone,Cancelled
1987,2024-02-10,Email,Missed
1983,2024-01-16,Email,Cancelled
879,2024-01-20,In-Person,Cancelled
1157,2024-01-31,In-Person,Cancelled
1608,2024-01-10,Email,Missed
1614,2024-02-03,Phone,Attended
1213,2024-01-29,Phone,Cancelled
356,2024-01-14,Phone,Attended
71,2024-02-05,Phone,Cancelled
263,2024-01-16,In-Person,Attended
306,2024-01-18,In-Person,Cancelled
558,2024-02-06,Email,Attended
1248,2024-01-22,In-Person,Cancelled
1352,2024-01-12,Phone,Cancelled
762,2024-01-17,Email,Attended
588,2024-02-05,In-Person,Cancelled
74,2024-01-21,In-Person,Missed
1535,2024-01-18,In-Person,Cancelled
142,2024-02-10,In-Person,Cancelled
1609,2024-01-23,In-Person,Missed
102,2024-01-24,Phone,Missed
1630,2024-01-13,Phone,Missed
1605,2024-01-23,Phone,Attended
1089,2024-01-19,In-Person,Missed
193,2024-01-26,Email,Attended
953,2024-01-22,Phone,Missed
1086,2024-01-27,Phone,Attended
1556,2024-01-21,In-Person,Missed
1265,2024-02-06,Email,Missed
1739,2024-01-29,Phone,Cancelled
410,2024-01-09,Phone,Missed
300,2024-01-17,Email,Cancelled
1219,2024-01-28,In-Person,Missed
454,2024-02-05,Email,Missed
574,2024-01-21,In-Person,Cancelled
619,2024-02-02,Phone,Cancelled
637,2024-02-05,Email,Attended
301,2024-02-05,Email,Cancelled
779,2024-01-26,Phone,Attended
1480,2024-01-12,Phone,Missed
989,2024-02-08,In-Person,Cancelled
202,2024-01-26,Phone,Cancelled
674,2024-02-08,Phone,Missed
1880,2024-01-27,Email,Missed
302,2024-01-27,In-Person,Missed
1648,2024-01-28,Phone,Missed
337,2024-01-15,Email,Cancelled
32,2024-02-09,Phone,Missed
1995,2024-02-02,Phone,Missed
1122,2024-01-31,Phone,Cancelled
1783,2024-02-05,Phone,Attended
773,2024-01-28,In-Person,Cancelled
1215,2024-01-08,Email,Attended
1565,2024-02-03,Email,Missed
1072,2024-01-13,Phone,Cancelled
1274,2024-02-08,Email,Missed
1250,2024-02-02,Phone,Cancelled
1296,2024-02-10,Email,Attended
665,2024-01-17,In-Person,Cancelled
1509,2024-01-24,In-Person,Missed
328,2024-02-03,Email,Cancelled
797,2024-01-10,Phone,Missed
1204,2024-02-03,Phone,Cancelled
814,2024-02-07,Phone,Attended
665,2024-02-03,Phone,Cancelled
746,2024-01-25,In-Person,Cancelled
1047,2024-01-16,Phone,Cancelled
930,2024-01-09,Phone,Cancelled
963,2024-01-15,Phone,Attended
1630,2024-01-21,Phone,Missed
1394,2024-01-31,In-Person,Cancelled
1269,2024-02-04,Email,Cancelled
1826,2024-02-08,Email,Cancelled
1184,2024-02-06,Phone,Attended
373,2024-02-01,Phone,Missed
285,2024-01-27,Email,Missed
521,2024-01-26,In-Person,Cancelled
1474,2024-02-03,In-Person,Cancelled
697,2024-01-16,In-Person,Missed
807,2024-02-02,In-Person,Cancelled
647,2024-02-10,In-Person,Cancelled
1646,2024-01-10,In-Person,Cancelled
1605,2024-01-09,In-Person,Attended
136,2024-01-25,In-Person,Attended
96,2024-01-18,In-Person,Missed
1143,2024-01-31,Phone,Attended
1398,2024-02-06,In-Person,Attended
274,2024-01-13,Phone,Missed
1894,2024-02-03,Email,Attended
878,2024-01-14,Phone,Missed
850,2024-01-19,Email,Cancelled
1201,2024-01-11,Phone,Missed
1897,2024-01-22,Email,Missed
1773,2024-01-27,Phone,Missed
784,2024-02-03,Phone,Cancelled
1301,2024-01-13,Email,Cancelled
1162,2024-01-12,In-Person,Cancelled
1898,2024-01-19,In-Person,Missed
132,2024-01-08,In-Person,Missed
1068,2024-01-16,In-Person,Missed
1147,2024-01-13,In-Person,Missed
1160,2024-02-09,Phone,Missed
1391,2024-01-21,In-Person,Missed
373,2024-02-08,Phone,Missed
1150,2024-01-21,Email,Attended
1463,2024-02-06,In-Person,Cancelled
1811,2024-01-20,In-Person,Attended
1600,2024-02-03,In-Person,Cancelled
808,2024-01-19,In-Person,Missed
744,2024-01-16,Phone,Attended
51,2024-01-17,Phone,Missed
1161,2024-01-28,Phone,Attended
1182,2024-01-24,Email,Attended
56,2024-01-23,Phone,Missed
1617,2024-01-21,In-Person,Attended
744,2024-01-15,Email,Attended
428,2024-01-11,Email,Cancelled
443,2024-01-28,In-Person,Missed
1935,2024-01-13,In-Person,Missed
1988,2024-01-22,In-Person,Attended
326,2024-01-15,In-Person,Missed
640,2024-01-19,Phone,Cancelled
1662,2024-01-21,Email,Cancelled
829,2024-01-31,In-Person,Missed
80,2024-02-02,Phone,Missed
474,2024-01-22,In-Person,Cancelled
377,2024-01-15,Phone,Missed
1893,2024-01-09,In-Person,Attended
919,2024-01-21,In-Person,Missed
333,2024-01-21,In-Person,Attended
1199,2024-01-11,Phone,Cancelled
1681,2024-01-24,In-Person,Missed
441,2024-01-28,Phone,Cancelled
126,2024-01-24,Phone,Missed
1718,2024-01-30,Email,Attended
219,2024-01-29,Phone,Missed
948,2024-02-05,Phone,Cancelled
278,2024-01-09,Phone,Attended
1509,2024-01-15,Phone,Missed
595,2024-02-07,Phone,Cancelled
935,2024-01-08,Email,Cancelled
141,2024-01-15,In-Person,Missed
846,2024-01-27,Email,Cancelled
1008,2024-02-08,Email,Attended
1631,2024-01-12,In-Person,Missed
877,2024-01-15,Phone,Attended
1730,2024-02-08,In-Person,Cancelled
110,2024-01-27,Phone,Cancelled
1076,2024-01-14,In-Person,Cancelled
1639,2024-01-26,Email,Attended
613,2024-02-03,Phone,Cancelled
1678,2024-01-30,Email,Missed
713,2024-01-10,Phone,Missed
1994,2024-02-03,In-Person,Cancelled
1343,2024-02-06,In-Person,Missed
1223,2024-01-23,In-Person,Attended
796,2024-01-24,In-Person,Attended
729,2024-01-17,In-Person,Cancelled
1070,2024-01-23,Email,Missed
505,2024-01-21,Email,Missed
1564,2024-01-27,Phone,Cancelled
1538,2024-01-22,Email,Attended
1919,2024-01-14,Phone,Cancelled
1041,2024-02-03,Phone,Missed
315,2024-02-08,Email,Missed
1460,2024-01-28,Email,Cancelled
1412,2024-02-02,Phone,Attended
77,2024-02-02,Email,Attended
978,2024-01-16,Email,Cancelled
899,2024-01-08,Email,Missed
1395,2024-01-11,In-Person,Attended
1189,2024-01-10,In-Person,Cancelled
1633,2024-01-18,Phone,Missed
1641,2024-02-06,Email,Attended
1048,2024-02-06,Phone,Attended
712,2024-01-29,Email,Cancelled
1059,2024-01-29,In-Person,Missed
1538,2024-02-08,Email,Attended
1825,2024-02-08,Email,Cancelled
1868,2024-01-18,Email,Attended
854,2024-01-13,In-Person,Missed
1485,2024-02-06,In-Person,Attended
1162,2024-01-16,In-Person,Missed
1873,2024-02-03,Phone,Attended
1598,2024-01-24,Email,Attended
1835,2024-01-14,In-Person,Cancelled
709,2024-02-01,Phone,Attended
1913,2024-01-09,In-Person,Missed
1595,2024-01-12,Email,Cancelled
265,2024-02-04,Phone,Missed
333,2024-01-09,In-Person,Missed
188,2024-01-25,In-Person,Cancelled
1087,2024-01-18,Phone,Missed
820,2024-02-02,Phone,Attended
1303,2024-01-30,Phone,Cancelled
1566,2024-01-18,Phone,Attended
1195,2024-01-15,Phone,Attended
1527,2024-02-03,In-Person,Missed
1988,2024-01-29,Phone,Missed
1557,2024-02-01,Phone,Attended
299,2024-01-14,Email,Cancelled
201,2024-02-07,In-Person,Attended
1159,2024-01-17,Email,Attended
272,2024-02-07,In-Person,Missed
535,2024-02-02,In-Person,Missed
1466,2024-02-06,In-Person,Attended
1111,2024-01-22,Phone,Attended
31,2024-01-16,Email,Missed
1145,2024-01-12,In-Person,Attended
69,2024-01-27,In-Person,Missed
1670,2024-01-13,In-Person,Attended
883,2024-01-19,Email,Cancelled
961,2024-02-01,In-Person,Cancelled
827,2024-01-31,Email,Attended
1520,2024-01-15,Email,Missed
924,2024-01-16,Phone,Attended
1170,2024-02-05,In-Person,Attended
984,2024-02-01,In-Person,Missed
1357,2024-01-09,Email,Attended
481,2024-01-29,Email,Missed
1930,2024-02-05,Phone,Attended
1287,2024-02-02,In-Person,Missed
293,2024-02-02,Email,Attended
1453,2024-01-12,In-Person,Cancelled
86,2024-02-03,In-Person,Missed
1040,2024-01-23,In-Person,Cancelled
728,2024-01-20,Email,Missed
628,2024-02-06,In-Person,Missed
118,2024-01-20,Email,Missed
270,2024-01-25,Phone,Missed
1419,2024-01-28,Phone,Attended
979,2024-01-16,Email,Attended
855,2024-02-01,In-Person,Missed
162,2024-01-18,Phone,Attended
700,2024-01-23,Phone,Missed
1128,2024-01-23,Email,Missed
1677,2024-01-15,Email,Cancelled
167,2024-01-08,Email,Missed
300,2024-01-16,Email,Missed
28,2024-01-16,Email,Attended
1448,2024-01-20,Email,Missed
1808,2024-02-09,Email,Missed
562,2024-02-08,In-Person,Cancelled
883,2024-01-14,In-Person,Attended
156,2024-01-09,In-Person,Attended
1348,2024-01-25,In-Person,Cancelled
1372,2024-01-28,Phone,Missed
1145,2024-01-30,In-Person,Cancelled
1980,2024-01-25,Phone,Attended
652,2024-01-24,Phone,Cancelled
1552,2024-02-08,Phone,Attended
821,2024-02-02,Email,Cancelled
1974,2024-01-18,Phone,Missed
561,2024-02-02,Phone,Missed
1188,2024-02-04,Phone,Attended
1086,2024-02-06,Email,Cancelled
1364,2024-01-12,In-Person,Attended
1690,2024-01-23,In-Person,Missed
312,2024-02-01,Phone,Attended
376,2024-01-23,Phone,Missed
1370,2024-01-11,In-Person,Attended
150,2024-01-28,In-Person,Cancelled
1912,2024-01-27,In-Person,Missed
585,2024-02-08,In-Person,Attended
581,2024-01-22,Phone,Missed
977,2024-01-28,Phone,Cancelled
177,2024-02-03,Phone,Missed
354,2024-02-10,In-Person,Cancelled
514,2024-02-09,Email,Missed
309,2024-02-09,In-Person,Cancelled
119,2024-01-22,In-Person,Missed
1543,2024-01-15,Email,Cancelled
767,2024-01-26,Email,Attended
996,2024-02-02,In-Person,Attended
973,2024-01-25,Email,Missed
916,2024-01-17,Email,Cancelled
478,2024-01-30,Email,Attended
1438,2024-01-31,In-Person,Missed
587,2024-01-11,In-Person,Attended
351,2024-01-15,Email,Cancelled
1530,2024-01-11,Phone,Missed
195,2024-02-02,Email,Cancelled
1211,2024-01-30,Email,Cancelled
1474,2024-01-09,In-Person,Cancelled
496,2024-01-09,Phone,Attended
515,2024-02-10,Email,Missed
696,2024-02-03,Phone,Cancelled
1871,2024-02-05,In-Person,Attended
273,2024-01-20,Phone,Cancelled
880,2024-01-26,In-Person,Attended
52,2024-02-02,Email,Missed
263,2024-01-26,In-Person,Missed
1392,2024-02-01,Phone,Missed
133,2024-01-18,Phone,Missed
994,2024-01-19,Phone,Cancelled
1249,2024-01-28,Email,Attended
310,2024-01-31,Phone,Missed
1597,2024-01-31,Phone,Cancelled
1901,2024-01-09,Phone,Missed
16,2024-02-06,In-Person,Missed
1765,2024-02-02,Phone,Missed
195,2024-01-27,In-Person,Attended
1787,2024-02-03,Phone,Attended
1467,2024-01-12,In-Person,Attended
303,2024-01-29,In-Person,Missed
1072,2024-02-04,Email,Cancelled
1771,2024-02-05,Email,Cancelled
1145,2024-01-23,In-Person,Cancelled
1523,2024-02-02,In-Person,Missed
832,2024-02-03,Email,Attended
562,2024-01-17,In-Person,Cancelled
1493,2024-01-22,Email,Missed
41,2024-01-19,Email,Missed
1480,2024-01-25,Phone,Cancelled
534,2024-01-14,Phone,Cancelled
371,2024-01-29,Email,Missed
1206,2024-01-13,Email,Cancelled
517,2024-01-23,In-Person,Missed
657,2024-01-09,Email,Cancelled
1893,2024-01-24,Email,Attended
590,2024-01-28,Phone,Missed
231,2024-01-28,Email,Attended
809,2024-01-12,In-Person,Cancelled
1372,2024-02-07,Email,Missed
479,2024-01-16,Phone,Cancelled
1233,2024-01-23,Phone,Missed
675,2024-02-08,Phone,Cancelled
1704,2024-02-08,Phone,Attended
278,2024-01-19,Email,Attended
1773,2024-01-25,In-Person,Cancelled
1712,2024-01-22,In-Person,Attended
53,2024-01-09,In-Person,Attended
1885,2024-02-06,Email,Cancelled
1034,2024-01-27,Email,Missed
1682,2024-02-09,Email,Cancelled
1763,2024-01-27,In-Person,Missed
748,2024-01-10,Email,Attended
464,2024-01-13,Email,Attended
754,2024-01-20,Phone,Attended
1841,2024-01-30,Phone,Attended
583,2024-01-31,In-Person,Attended
158,2024-02-03,Phone,Missed
19,2024-01-17,Phone,Missed
55,2024-01-09,Phone,Missed
1980,2024-01-22,Email,Cancelled
1751,2024-02-10,Phone,Attended
1992,2024-02-10,Phone,Attended
721,2024-01-29,Phone,Attended
1045,2024-01-15,Email,Cancelled
1306,2024-01-10,In-Person,Cancelled
761,2024-01-23,Email,Cancelled
1564,2024-01-13,Email,Attended
1019,2024-01-21,Phone,Missed
1959,2024-01-11,In-Person,Cancelled
1441,2024-01-11,Phone,Cancelled
808,2024-01-27,Phone,Missed
723,2024-01-25,In-Person,Cancelled
285,2024-01-14,In-Person,Missed
1556,2024-01-10,Email,Attended
1556,2024-02-10,In-Person,Missed
511,2024-02-02,Email,Missed
1866,2024-01-11,Email,Attended
1022,2024-01-13,Phone,Cancelled
1420,2024-02-03,Phone,Attended
120,2024-02-07,Phone,Cancelled
97,2024-01-30,In-Person,Cancelled
120,2024-01-17,In-Person,Missed
1561,2024-01-25,Email,Attended
1177,2024-01-30,Email,Missed
1269,2024-02-06,Email,Attended
1796,2024-01-20,In-Person,Attended
1540,2024-01-18,Email,Missed
393,2024-02-09,Email,Cancelled
1167,2024-01-26,In-Person,Cancelled
1528,2024-01-13,Phone,Attended
794,2024-01-20,In-Person,Cancelled
1871,2024-01-29,Email,Missed
1882,2024-02-08,Phone,Missed
220,2024-01-23,In-Person,Missed
839,2024-01-09,Phone,Attended
160,2024-02-06,Phone,Attended
1100,2024-01-27,Email,Cancelled
611,2024-01-12,In-Person,Missed
1716,2024-01-25,Email,Missed
639,2024-01-23,In-Person,Attended
1056,2024-02-08,In-Person,Attended
777,2024-02-07,In-Person,Attended
334,2024-01-13,Phone,Missed
1549,2024-01-24,Phone,Missed
1464,2024-01-14,Email,Cancelled
892,2024-01-30,In-Person,Missed
940,2024-02-01,In-Person,Cancelled
352,2024-01-25,Phone,Cancelled
1363,2024-01-30,In-Person,Missed
926,2024-02-08,Email,Cancelled
1424,2024-02-08,In-Person,Cancelled
396,2024-01-20,In-Person,Attended
1226,2024-01-26,Phone,Missed
1986,2024-01-25,In-Person,Cancelled
530,2024-01-13,Email,Cancelled
1933,2024-02-06,Email,Cancelled
1117,2024-01-22,Email,Missed
1816,2024-02-07,Email,Attended
358,2024-01-19,Phone,Attended
1420,2024-02-01,In-Person,Missed
828,2024-01-12,Phone,Missed
60,2024-01-31,Email,Missed
477,2024-01-14,In-Person,Missed
1750,2024-01-10,Phone,Attended
612,2024-01-08,In-Person,Cancelled
1,2024-01-09,Email,Cancelled
1579,2024-01-23,Email,Missed
311,2024-01-17,In-Person,Missed
168,2024-01-11,In-Person,Cancelled
192,2024-02-06,Email,Attended
1058,2024-01-08,Phone,Missed
1058,2024-01-15,Email,Missed
1712,2024-02-09,In-Person,Attended
1441,2024-01-24,Phone,Attended
708,2024-01-20,Email,Attended
1182,2024-01-30,In-Person,Missed
1781,2024-01-29,In-Person,Attended
1524,2024-01-22,In-Person,Missed
366,2024-01-08,Phone,Missed
1364,2024-02-10,Phone,Attended
858,2024-02-02,Phone,Cancelled
1359,2024-01-10,Phone,Attended
1607,2024-01-27,In-Person,Cancelled
327,2024-01-11,In-Person,Attended
114,2024-01-25,Phone,Attended
797,2024-01-08,Phone,Missed
919,2024-02-04,In-Person,Missed
1442,2024-01-29,Email,Missed
1492,2024-02-06,Email,Missed
1167,2024-01-23,In-Person,Missed
609,2024-01-20,Phone,Missed
309,2024-01-30,Phone,Missed
401,2024-01-21,In-Person,Cancelled
1344,2024-01-12,Email,Cancelled
212,2024-01-25,In-Person,Missed
317,2024-01-31,In-Person,Cancelled
185,2024-01-14,In-Person,Attended
1229,2024-01-14,Phone,Cancelled
1388,2024-01-19,Phone,Missed
1240,2024-01-23,Phone,Cancelled
246,2024-02-10,Email,Attended
239,2024-02-06,In-Person,Cancelled
1829,2024-01-28,In-Person,Missed
1415,2024-01-14,Email,Attended
520,2024-01-30,Phone,Attended
1614,2024-01-26,In-Person,Cancelled
1860,2024-01-25,Email,Attended
277,2024-02-06,Phone,Attended
1981,2024-01-19,Phone,Attended
1006,2024-02-10,In-Person,Missed
202,2024-01-19,Phone,Attended
214,2024-02-09,Email,Cancelled
606,2024-01-31,Phone,Cancelled
478,2024-01-25,In-Person,Attended
508,2024-01-29,Email,Cancelled
2000,2024-01-22,Phone,Attended
1099,2024-02-08,Phone,Cancelled
669,2024-02-10,Phone,Attended
665,2024-02-02,Email,Attended
1978,2024-02-01,Phone,Attended
142,2024-01-23,In-Person,Missed
1614,2024-01-26,Email,Cancelled
322,2024-02-07,Email,Attended
1718,2024-01-10,Phone,Missed
461,2024-01-12,Email,Missed
707,2024-01-17,In-Person,Attended
670,2024-01-23,Email,Attended
1170,2024-01-25,In-Person,Attended
54,2024-01-21,Phone,Attended
1380,2024-01-14,Email,Attended
277,2024-01-11,In-Person,Cancelled
1845,2024-02-08,Phone,Attended
1619,2024-01-19,In-Person,Attended
400,2024-02-02,Email,Cancelled
668,2024-02-07,Email,Missed
516,2024-02-04,In-Person,Cancelled
1523,2024-02-01,Phone,Missed
1335,2024-01-30,Phone,Missed
1295,2024-02-04,Phone,Cancelled
576,2024-01-24,Phone,Attended
1473,2024-02-08,In-Person,Missed
112,2024-01-25,Email,Attended
239,2024-01-20,In-Person,Cancelled
1168,2024-01-14,Email,Missed
1398,2024-01-10,Email,Attended
1044,2024-01-14,In-Person,Missed
1600,2024-01-19,In-Person,Missed
1313,2024-01-12,Phone,Cancelled
1617,2024-01-25,Email,Attended
197,2024-02-10,Phone,Attended
382,2024-01-20,Phone,Missed
1605,2024-01-15,In-Person,Attended
1722,2024-01-11,Phone,Missed
1703,2024-01-11,Phone,Cancelled
1741,2024-01-29,Phone,Cancelled
1516,2024-01-15,In-Person,Attended
164,2024-01-16,Phone,Cancelled
606,2024-01-09,Phone,Cancelled
1273,2024-01-22,In-Person,Attended
1092,2024-01-10,In-Person,Missed
855,2024-01-22,In-Person,Cancelled
1045,2024-01-08,Email,Attended
831,2024-01-22,In-Person,Attended
1536,2024-01-21,Email,Attended
597,2024-02-01,In-Person,Cancelled
1414,2024-02-10,In-Person,Cancelled
536,2024-01-16,In-Person,Missed
111,2024-01-10,Email,Missed
949,2024-01-08,Phone,Missed
863,2024-01-18,In-Person,Missed
595,2024-02-08,Email,Missed
1894,2024-01-10,In-Person,Missed
1022,2024-02-03,Phone,Attended
460,2024-01-19,Email,Missed
1102,2024-01-14,In-Person,Cancelled
434,2024-01-26,In-Person,Missed
1404,2024-01-12,In-Person,Cancelled
1676,2024-02-08,Phone,Missed
1464,2024-01-21,Email,Attended
888,2024-01-17,In-Person,Attended
783,2024-01-09,In-Person,Cancelled
1363,2024-02-01,Email,Missed
988,2024-02-01,Phone,Attended
1448,2024-01-22,Phone,Attended
169,2024-01-24,Phone,Missed
709,2024-01-23,Phone,Cancelled
965,2024-02-08,Phone,Cancelled
1286,2024-01-30,In-Person,Cancelled
727,2024-01-13,In-Person,Attended
1603,2024-01-23,In-Person,Missed
229,2024-01-09,Email,Attended
1185,2024-01-16,Phone,Attended
427,2024-01-27,Email,Attended
122,2024-02-03,Phone,Attended
149,2024-01-25,Phone,Missed
852,2024-01-30,Email,Attended
705,2024-01-31,In-Person,Attended
1767,2024-02-09,Email,Cancelled
111,2024-01-10,In-Person,Attended
1681,2024-01-17,Phone,Missed
1245,2024-01-15,In-Person,Attended
1928,2024-02-06,Phone,Missed
64,2024-01-28,Phone,Missed
638,2024-02-04,In-Person,Missed
1754,2024-01-13,Phone,Cancelled
1820,2024-01-17,In-Person,Cancelled
1378,2024-01-18,Email,Attended
1498,2024-02-01,Phone,Attended
909,2024-01-18,Phone,Attended
1772,2024-01-12,Email,Missed
1509,2024-01-12,Phone,Missed
13,2024-01-16,Email,Missed
934,2024-02-07,Email,Attended
1177,2024-02-09,Phone,Attended
239,2024-01-27,Email,Attended
1214,2024-01-13,Email,Attended
663,2024-01-20,Email,Cancelled
1110,2024-01-12,Phone,Cancelled
1045,2024-02-06,Email,Cancelled
694,2024-01-12,In-Person,Attended
1343,2024-01-14,In-Person,Cancelled
1182,2024-01-19,Email,Cancelled
971,2024-01-27,In-Person,Attended
964,2024-02-04,Phone,Cancelled
1505,2024-02-07,Email,Attended
1903,2024-01-21,Phone,Attended
76,2024-01-18,In-Person,Attended
329,2024-01-28,In-Person,Missed
1440,2024-01-28,In-Person,Attended
1227,2024-02-06,In-Person,Cancelled
1253,2024-01-16,Phone,Cancelled
152,2024-02-07,Email,Attended
1799,2024-02-03,Phone,Missed
72,2024-01-22,Email,Missed
225,2024-02-04,In-Person,Missed
473,2024-01-31,In-Person,Cancelled
1921,2024-01-13,In-Person,Missed
1667,2024-01-27,In-Person,Missed
360,2024-02-05,Phone,Attended
540,2024-01-27,Email,Missed
811,2024-01-28,Email,Missed
609,2024-01-24,In-Person,Missed
1070,2024-01-21,Phone,Attended
1,2024-01-10,In-Person,Attended
678,2024-02-05,Email,Missed
1269,2024-01-10,Email,Cancelled
1243,2024-02-03,Phone,Cancelled
1638,2024-01-28,Email,Attended
291,2024-01-22,Phone,Missed
1482,2024-01-19,In-Person,Cancelled
204,2024-01-24,In-Person,Missed
1226,2024-02-10,Phone,Attended
566,2024-01-21,In-Person,Cancelled
482,2024-01-16,Phone,Attended
1816,2024-01-11,In-Person,Missed
511,2024-02-03,In-Person,Attended
924,2024-01-18,Email,Attended
278,2024-02-07,Email,Attended
1005,2024-02-04,Phone,Attended
16,2024-02-04,In-Person,Cancelled
1549,2024-02-08,In-Person,Missed
356,2024-01-09,In-Person,Cancelled
356,2024-01-25,Email,Missed
830,2024-01-08,Phone,Missed
1963,2024-02-04,Phone,Missed
599,2024-01-14,Phone,Missed
1102,2024-02-05,In-Person,Missed
928,2024-01-21,Phone,Cancelled
1091,2024-02-09,Email,Missed
859,2024-01-30,Email,Attended
1747,2024-01-16,Phone,Cancelled
214,2024-01-28,In-Person,Cancelled
1721,2024-01-22,Email,Missed
449,2024-01-23,Email,Attended
965,2024-02-09,In-Person,Attended
1457,2024-01-16,In-Person,Missed
1569,2024-01-20,Phone,Missed
1139,2024-01-08,Email,Attended
787,2024-02-06,Email,Cancelled
1444,2024-01-28,Phone,Cancelled
499,2024-01-24,Phone,Missed
710,2024-02-09,Email,Cancelled
380,2024-01-11,Email,Cancelled
1167,2024-02-03,In-Person,Attended
740,2024-01-12,In-Person,Cancelled
632,2024-01-27,Email,Attended
1889,2024-02-02,Email,Missed
1048,2024-01-17,In-Person,Missed
539,2024-01-17,Phone,Attended
945,2024-01-10,Phone,Attended
1099,2024-02-08,Email,Missed
753,2024-02-06,Email,Attended
535,2024-01-13,In-Person,Missed
673,2024-02-05,Email,Missed
1065,2024-02-02,Phone,Missed
1774,2024-01-22,In-Person,Missed
1775,2024-02-02,In-Person,Missed
568,2024-01-25,Phone,Missed
1437,2024-01-31,Phone,Cancelled
415,2024-01-12,In-Person,Cancelled
449,2024-01-18,Email,Missed
610,2024-01-31,Phone,Cancelled
658,2024-01-29,In-Person,Attended
1798,2024-01-27,Email,Attended
436,2024-01-29,Email,Missed
1576,2024-01-22,In-Person,Cancelled
705,2024-01-18,Phone,Attended
239,2024-01-29,Email,Attended
1066,2024-01-29,Phone,Attended
734,2024-01-26,In-Person,Attended
1732,2024-01-31,Phone,Cancelled
800,2024-01-17,Email,Attended
10,2024-01-19,In-Person,Attended
747,2024-01-13,Email,Attended
1861,2024-01-16,Email,Missed
1289,2024-01-29,In-Person,Attended
1605,2024-01-16,In-Person,Attended
1469,2024-01-30,Phone,Cancelled
139,2024-01-30,In-Person,Attended
1891,2024-02-08,Phone,Attended
731,2024-01-09,In-Person,Attended
196,2024-01-19,Email,Missed
1098,2024-02-06,Phone,Cancelled
1639,2024-01-17,In-Person,Cancelled
1249,2024-01-13,Phone,Missed
1659,2024-01-20,Phone,Missed
1126,2024-01-31,Phone,Cancelled
264,2024-01-23,Email,Attended
945,2024-01-08,In-Person,Cancelled
920,2024-02-07,In-Person,Missed
161,2024-02-05,Phone,Attended
1257,2024-01-29,In-Person,Cancelled
491,2024-01-08,Email,Attended
1811,2024-01-17,Phone,Attended
770,2024-01-23,Email,Missed
311,2024-02-03,Email,Cancelled
1675,2024-01-19,In-Person,Missed
227,2024-02-04,In-Person,Cancelled
273,2024-01-23,Phone,Cancelled
938,2024-01-28,Email,Attended
317,2024-01-10,In-Person,Attended
1923,2024-01-12,Phone,Attended
1110,2024-01-15,Phone,Missed
291,2024-01-17,In-Person,Attended
1493,2024-02-07,Email,Missed
729,2024-01-28,Phone,Attended
1895,2024-01-22,In-Person,Missed
1602,2024-01-25,Phone,Cancelled
1793,2024-01-08,In-Person,Missed
1671,2024-01-11,Phone,Missed
1428,2024-01-25,Email,Missed
1451,2024-01-20,Phone,Cancelled
375,2024-01-09,In-Person,Missed
1926,2024-01-29,In-Person,Cancelled
567,2024-01-23,In-Person,Attended
868,2024-01-13,Email,Attended
755,2024-01-08,In-Person,Cancelled
252,2024-01-10,In-Person,Missed
1557,2024-01-18,Email,Attended
307,2024-01-17,In-Person,Missed
1454,2024-01-10,In-Person,Missed
675,2024-02-07,Email,Cancelled
868,2024-01-11,Phone,Attended
264,2024-01-26,In-Person,Cancelled
68,2024-01-21,Phone,Cancelled
1131,2024-01-12,Email,Cancelled
1424,2024-01-25,In-Person,Cancelled
1603,2024-01-11,In-Person,Missed
1223,2024-01-22,Email,Attended
1216,2024-01-22,In-Person,Attended
514,2024-01-24,Phone,Attended
769,2024-02-09,Phone,Missed
442,2024-02-09,Email,Missed
1,2024-02-07,In-Person,Cancelled
358,2024-01-18,In-Person,Cancelled
1139,2024-02-07,Email,Cancelled
903,2024-02-07,Phone,Cancelled
1624,2024-01-25,Phone,Attended
1221,2024-02-05,Email,Cancelled
1628,2024-02-06,In-Person,Missed
274,2024-02-06,Phone,Missed
856,2024-01-08,In-Person,Missed
1018,2024-02-07,Phone,Cancelled
1184,2024-01-14,In-Person,Attended
173,2024-02-09,Phone,Attended
1569,2024-01-10,In-Person,Cancelled
1482,2024-01-14,Email,Cancelled
585,2024-01-22,Phone,Missed
1457,2024-02-09,Email,Missed
929,2024-02-10,Phone,Attended
481,2024-01-28,Phone,Missed
455,2024-02-07,Phone,Missed
196,2024-01-09,In-Person,Cancelled
796,2024-01-08,Phone,Attended
599,2024-01-08,Email,Cancelled
1333,2024-01-15,In-Person,Attended
1760,2024-02-05,In-Person,Cancelled
556,2024-02-04,Phone,Attended
848,2024-02-08,In-Person,Missed
1518,2024-01-20,Phone,Attended
439,2024-01-20,Email,Attended
650,2024-02-06,In-Person,Cancelled
1806,2024-02-01,In-Person,Attended
359,2024-01-23,Email,Attended
1060,2024-01-16,Email,Attended
1058,2024-01-13,Phone,Cancelled
1112,2024-01-14,In-Person,Attended
658,2024-01-27,Email,Cancelled
16,2024-01-17,In-Person,Missed
745,2024-02-02,Email,Cancelled
421,2024-01-11,In-Person,Attended
553,2024-02-03,Email,Missed
767,2024-01-27,In-Person,Attended
793,2024-01-09,Phone,Cancelled
1150,2024-02-08,In-Person,Missed
1032,2024-02-02,Phone,Missed
1496,2024-02-03,Phone,Missed
1492,2024-02-05,Phone,Attended
880,2024-01-13,In-Person,Missed
1886,2024-01-28,In-Person,Missed
852,2024-02-10,Phone,Missed
510,2024-02-04,Email,Missed
1426,2024-01-15,In-Person,Cancelled
1860,2024-01-15,In-Person,Attended
1200,2024-01-20,In-Person,Attended
1764,2024-01-15,In-Person,Missed
966,2024-01-13,Phone,Cancelled
1859,2024-01-12,Email,Missed
914,2024-01-25,Email,Attended
1391,2024-01-17,Email,Attended
1512,2024-02-07,Email,Attended
18,2024-01-10,Phone,Missed
56,2024-01-20,In-Person,Missed
919,2024-01-21,In-Person,Cancelled
1059,2024-02-03,Phone,Cancelled
902,2024-01-17,In-Person,Attended
630,2024-01-09,Phone,Attended
794,2024-01-21,Email,Cancelled
1790,2024-01-18,Phone,Attended
1749,2024-01-18,In-Person,Cancelled
1597,2024-01-10,In-Person,Missed
1624,2024-01-18,In-Person,Attended
1807,2024-01-12,Email,Attended
347,2024-01-25,Phone,Cancelled
1056,2024-01-19,Phone,Missed
908,2024-01-27,In-Person,Attended
1024,2024-01-15,Phone,Attended
1157,2024-01-25,In-Person,Cancelled
576,2024-01-28,Phone,Missed
199,2024-02-04,Email,Cancelled
1280,2024-01-27,Email,Missed
1366,2024-01-25,Phone,Missed
1691,2024-01-23,Email,Cancelled
1999,2024-01-24,Email,Cancelled
1255,2024-01-08,Email,Missed
301,2024-01-23,In-Person,Cancelled
1017,2024-01-13,Phone,Attended
1571,2024-02-01,Phone,Attended
26,2024-02-02,In-Person,Attended
1559,2024-01-27,In-Person,Attended
1677,2024-01-26,Email,Attended
1498,2024-01-24,Phone,Cancelled
1411,2024-02-10,In-Person,Missed
1309,2024-01-13,Email,Cancelled
450,2024-01-13,Phone,Attended
320,2024-01-17,Email,Attended
156,2024-01-27,Phone,Cancelled
471,2024-01-20,Email,Cancelled
420,2024-02-07,Phone,Missed
1137,2024-02-07,Phone,Attended
1926,2024-01-25,Phone,Cancelled
651,2024-01-31,Phone,Missed
1446,2024-01-23,Email,Attended
886,2024-01-26,In-Person,Attended
930,2024-02-03,Phone,Attended
